{
    "0_MM_In_Compose.docx": 1698863609.8351634,
    "1_MM_text2diagram.docx": 1698252101.8196764,
    "2_Text2Table_OnCanvas.docx": 1698330856.6281164,
    "3_Text2Table_Sydney.docx": 1698864052.8319197
}